Date:,,,2024-02-06 21:50,,,,,,
Tool:,,,Eeschema 7.0.9,,,,,,
Component Count:,,,258,,,,,,
,,,,,,,,,
Item,Qty,Reference(s),Value,DNP,Footprint,LCSC,MPN,Comment,Datasheet
1,3,"C1, C2, C3",4.7uF,,Capacitor_SMD:C_0805_2012Metric,C354262,CC0805KKX7R8BB475,4.7 µF ±10% 25V Ceramic Capacitor X7R 0805 (2012 Metric),https://www.yageo.com/upload/media/product/app/datasheet/mlcc/upy-gphc_x7r_6_3v-to-250v.pdf
2,3,"C7, C13, C56",2.2uF,,Capacitor_SMD:C_0805_2012Metric,C277470,CC0805KKX7R8BB225,2.2 µF ±10% 25V Ceramic Capacitor X7R 0805 (2012 Metric),https://www.yageo.com/upload/media/product/app/datasheet/mlcc/upy-gphc_x7r_6_3v-to-250v.pdf
3,1,C8,130pF,,Capacitor_SMD:C_0805_2012Metric,C520003,CC0805JRNPO9BN131,"130 pF ±5% 50V Ceramic Capacitor C0G, NP0 0805 (2012 Metric)",https://www.yageo.com/upload/media/product/productsearch/datasheet/mlcc/UPY-GP_NP0_16V-to-50V_18.pdf
4,2,"C9, C10",10uF,,Capacitor_SMD:C_0805_2012Metric,C89831,CC0805KKX5R8BB106,10 µF ±10% 25V Ceramic Capacitor X5R 0805 (2012 Metric),https://www.yageo.com/upload/media/product/app/datasheet/mlcc/upy-gphc_x5r_4v-to-50v.pdf
5,4,"C11, C12, C14, C16",22uF,,Capacitor_SMD:C_0805_2012Metric,C784585,CC0805MKX5R8BB226,22 µF ±20% 25V Ceramic Capacitor X5R 0805 (2012 Metric),https://www.yageo.com/upload/media/product/app/datasheet/mlcc/upy-gphc_x5r_4v-to-50v.pdf
6,1,C15,1nF,,Capacitor_SMD:C_0805_2012Metric,C94121,CC0805KRX7R9BB102,1000 pF ±10% 50V Ceramic Capacitor X7R 0805 (2012 Metric),https://www.yageo.com/upload/media/product/app/datasheet/mlcc/upy-gphc_x7r_6_3v-to-250v.pdf
7,35,"C17, C18, C19, C20, C21, C22, C24, C25, C26, C28, C29, C30, C32, C33, C34, C36, C37, C38, C40, C41, C42, C44, C45, C46, C48, C49, C50, C52, C53, C54, C55, C57, C58, C59, C60",0.1uF,,Capacitor_SMD:C_0805_2012Metric,C49678,CC0805KRX7R9BB104,0.1 µF ±10% 50V Ceramic Capacitor X7R 0805 (2012 Metric),https://www.yageo.com/upload/media/product/app/datasheet/mlcc/upy-gphc_x7r_6_3v-to-250v.pdf
8,8,"C23, C27, C31, C35, C39, C43, C47, C51",0.01uF,,Capacitor_SMD:C_0805_2012Metric,C83170,CC0805KRX7R9BB103,10000 pF ±10% 50V Ceramic Capacitor X7R 0805 (2012 Metric),https://www.yageo.com/upload/media/product/app/datasheet/mlcc/upy-gphc_x7r_6_3v-to-250v.pdf
9,1,C61,47uF,,Capacitor_SMD:C_0805_2012Metric,C109461,CC0805MKX5R5BB476,47 µF ±20% 6.3V Ceramic Capacitor X5R 0805 (2012 Metric),https://www.yageo.com/upload/media/product/app/datasheet/mlcc/upy-gphc_x5r_4v-to-50v.pdf
10,1,D1,CDSOD323-T05,,Diode_SMD:D_SOD-323_HandSoldering,C3706224,CDSOD323-T05,18.3V (Typ) Clamp 17A (8/20µs) Ipp Tvs Diode Surface Mount SOD-323,https://www.bourns.com/docs/Product-Datasheets/CDSOD323-TxxC.PDF
11,4,"D2, D5, D6, D7",LED,,LED_SMD:LED_0805_2012Metric_Pad1.15x1.40mm_HandSolder,C125090,LTST-C170GKT,Green 569nm LED Indication - Discrete 2.1V 0805 (2012 Metric),https://mm.digikey.com/Volume0/opasdata/d220001/medias/docus/895/LTST-C170GKT.pdf
12,2,"D3, D4",MBR0530T1G,,Diode_SMD:D_SOD-123,C82046,MBR0530T1G,Diode 30 V 500mA Surface Mount SOD-123,https://www.onsemi.com/pdf/datasheet/mbr0530t1-d.pdf
13,1,F1,500mA,,Fuse:Fuse_1206_3216Metric_Pad1.42x1.75mm_HandSolder,C206953,0437.500WR,500 mA 63 V AC 63 V DC Fuse Board Mount (Cartridge Style Excluded) Surface Mount 1206 (3216 Metric),https://www.littelfuse.com/~/media/electronics/datasheets/fuses/littelfuse_fuse_437_datasheet.pdf.pdf
14,4,"H1, H2, H3, H4",MountingHole_Pad,,MountingHole:MountingHole_2.2mm_M2_Pad_TopBottom,,,,~
15,1,J1,1054500101,,fydp:CONN_105450-0101_MOL,C134092,1054500101,"USB-C (USB TYPE-C) USB 3.2 Gen 2 (USB 3.1 Gen 2, Superspeed + (USB 3.1)) Receptacle Connector 24 Position Surface Mount, Right Angle; Through Hole",https://tools.molex.com/pdm_docs/ps/PS-105448-001.pdf
16,10,"J2, J5, J6, J7, J14, J15, J16, J17, J18, J19",TSW-102-07-G-S,,Connector_PinHeader_2.54mm:PinHeader_1x02_P2.54mm_Vertical,,TSW-102-07-G-S,"Connector Header Through Hole 2 position 0.100"" (2.54mm)",https://suddendocs.samtec.com/catalog_english/tsw_th.pdf
17,1,J3,1751248,,"TerminalBlock_Phoenix:TerminalBlock_Phoenix_PT-1,5-2-3.5-H_1x02_P3.50mm_Horizontal",C89122,1751248,"2 Position Wire to Board Terminal Block Horizontal with Board 0.138"" (3.50mm) Through Hole",https://mm.digikey.com/Volume0/opasdata/d220001/medias/docus/640/1751248.pdf
18,1,J4,TSW-108-07-G-S,,Connector_PinHeader_2.54mm:PinHeader_1x08_P2.54mm_Vertical,,TSW-108-07-G-S,"Connector Header Through Hole 8 position 0.100"" (2.54mm)",https://suddendocs.samtec.com/catalog_english/tsw_th.pdf
19,4,"J8, J9, J10, J13",5011,,5011:CONN1_5011_KEY,C238127,5011,"Black PC Test Point, Multipurpose Phosphor Bronze Silver Plating Through Hole Mounting Type",https://www.keyelco.com/userAssets/file/M65p56.pdf
20,2,"J11, J12",TSW-104-07-G-S,,Connector_PinHeader_2.54mm:PinHeader_1x04_P2.54mm_Vertical,,TSW-104-07-G-S,"Connector Header Through Hole 4 position 0.100"" (2.54mm)",https://suddendocs.samtec.com/catalog_english/tsw_th.pdf
21,1,J20,TSW-107-07-G-S,,Connector_PinHeader_2.54mm:PinHeader_1x07_P2.54mm_Vertical,,TSW-107-07-G-S,"Connector Header Through Hole 7 position 0.100"" (2.54mm)",https://suddendocs.samtec.com/catalog_english/tsw_th.pdf
22,1,L1,10uH,,Inductor_SMD:L_0805_2012Metric,C162582,LQM21FN100M80L,10 µH Shielded Multilayer Inductor 100 mA 390mOhm Max 0805 (2012 Metric),https://search.murata.co.jp/Ceramy/image/img/P02/JELF243B-0017.pdf
23,2,"L2, L3",22uH,,Inductor_SMD:L_0805_2012Metric,C88185,MLZ2012P220WT000,22 µH Shielded Multilayer Inductor 220 mA 1.25Ohm 0805 (2012 Metric),https://product.tdk.com/en/system/files?file=dam/doc/product/inductor/inductor/smd/catalog/inductor_commercial_decoupling_mlz2012_en.pdf
24,1,R1,147k,,Resistor_SMD:R_0805_2012Metric,C483012,RC0805FR-07147KL,"147 kOhms ±1% 0.125W, 1/8W Chip Resistor 0805 (2012 Metric) Moisture Resistant Thick Film",https://www.yageo.com/upload/media/product/products/datasheet/rchip/PYu-RC_Group_51_RoHS_L_12.pdf
25,3,"R2, R5, R88",0,,Resistor_SMD:R_0805_2012Metric,C96345,RC0805JR-070RL,0 Ohms Jumper Chip Resistor 0805 (2012 Metric) Moisture Resistant Thick Film,https://www.yageo.com/upload/media/product/products/datasheet/rchip/PYu-RC_Group_51_RoHS_L_12.pdf
26,1,R3,1.91k,,Resistor_SMD:R_0805_2012Metric,C865276,RT0805BRD071K91L,"1.91 kOhms ±0.1% 0.125W, 1/8W Chip Resistor 0805 (2012 Metric) Thin Film",https://www.yageo.com/upload/media/product/app/datasheet/rchip/pyu-rt_1-to-0.01_rohs_l.pdf
27,1,R4,13.3k,,Resistor_SMD:R_0805_2012Metric,C274912,RC0805FR-0713K3L,"13.3 kOhms ±1% 0.125W, 1/8W Chip Resistor 0805 (2012 Metric) Moisture Resistant Thick Film",https://www.yageo.com/upload/media/product/products/datasheet/rchip/PYu-RC_Group_51_RoHS_L_12.pdf
28,1,R6,40.2k,,Resistor_SMD:R_0805_2012Metric,C865475,RT0805BRD0740K2L,"40.2 kOhms ±0.1% 0.125W, 1/8W Chip Resistor 0805 (2012 Metric) Thin Film",https://www.yageo.com/upload/media/product/app/datasheet/rchip/pyu-rt_1-to-0.01_rohs_l.pdf
29,1,R7,3.6k,,Resistor_SMD:R_0805_2012Metric,C865466,RT0805BRD073K6L,"3.6 kOhms ±0.1% 0.125W, 1/8W Chip Resistor 0805 (2012 Metric) Thin Film",https://www.yageo.com/upload/media/product/app/datasheet/rchip/pyu-rt_1-to-0.01_rohs_l.pdf
30,26,"R8, R9, R10, R11, R12, R13, R22, R23, R24, R25, R29, R30, R32, R33, R36, R44, R48, R49, R50, R51, R52, R53, R54, R55, R84, R85",4.7k,,Resistor_SMD:R_0805_2012Metric,C60816,RC0805FR-074K7L,"4.7 kOhms ±1% 0.125W, 1/8W Chip Resistor 0805 (2012 Metric) Moisture Resistant Thick Film",https://www.yageo.com/upload/media/product/products/datasheet/rchip/PYu-RC_Group_51_RoHS_L_12.pdf
31,43,"R14, R15, R16, R17, R18, R19, R20, R21, R26, R27, R28, R31, R34, R35, R37, R38, R39, R40, R41, R42, R43, R45, R46, R47, R56, R57, R62, R63, R64, R65, R70, R71, R76, R77, R82, R83, R90, R91, R92, R93, R94, R95, R96",100,,Resistor_SMD:R_0805_2012Metric,C105577,RC0805FR-07100RL,"100 Ohms ±1% 0.125W, 1/8W Chip Resistor 0805 (2012 Metric) Moisture Resistant Thick Film",https://www.yageo.com/upload/media/product/products/datasheet/rchip/PYu-RC_Group_51_RoHS_L_12.pdf
32,17,"R58, R59, R60, R61, R66, R67, R68, R69, R72, R73, R74, R75, R78, R79, R80, R81, R87",1k,,Resistor_SMD:R_0805_2012Metric,C95781,RC0805FR-071KL,"1 kOhms ±1% 0.125W, 1/8W Chip Resistor 0805 (2012 Metric) Moisture Resistant Thick Film",https://www.yageo.com/upload/media/product/products/datasheet/rchip/PYu-RC_Group_51_RoHS_L_12.pdf
33,2,"R86, R89",0,DNP,Resistor_SMD:R_0805_2012Metric,C96345,RC0805JR-070RL,0 Ohms Jumper Chip Resistor 0805 (2012 Metric) Moisture Resistant Thick Film,https://www.yageo.com/upload/media/product/products/datasheet/rchip/PYu-RC_Group_51_RoHS_L_12.pdf
34,2,"R97, R98",5.1k,,Resistor_SMD:R_0805_2012Metric,C865574,RT0805BRD075K1L,"5.1 kOhms ±0.1% 0.125W, 1/8W Chip Resistor 0805 (2012 Metric) Thin Film",https://www.yageo.com/upload/media/product/app/datasheet/rchip/pyu-rt_1-to-0.01_rohs_l.pdf
35,1,R99,120,,Resistor_SMD:R_0805_2012Metric,C114245,RC0805FR-07120RL,"120 Ohms ±1% 0.125W, 1/8W Chip Resistor 0805 (2012 Metric) Moisture Resistant Thick Film",https://www.yageo.com/upload/media/product/products/datasheet/rchip/PYu-RC_Group_51_RoHS_L_12.pdf
36,1,R100,290,,Resistor_SMD:R_0805_2012Metric,C273919,RC0805FR-07294RL,"294 Ohms ±1% 0.125W, 1/8W Chip Resistor 0805 (2012 Metric) Moisture Resistant Thick Film",https://www.yageo.com/upload/media/product/products/datasheet/rchip/PYu-RC_Group_51_RoHS_L_12.pdf
37,2,"R101, R102",1.3k,,Resistor_SMD:R_0805_2012Metric,C137582,RC0805FR-071K3L,"1.3 kOhms ±1% 0.125W, 1/8W Chip Resistor 0805 (2012 Metric) Moisture Resistant Thick Film",https://www.yageo.com/upload/media/product/products/datasheet/rchip/PYu-RC_Group_51_RoHS_L_12.pdf
38,29,"TP1, TP2, TP3, TP4, TP5, TP6, TP7, TP8, TP9, TP10, TP11, TP12, TP13, TP14, TP15, TP16, TP17, TP18, TP19, TP20, TP21, TP22, TP23, TP24, TP25, TP26, TP27, TP28, TP29",TestPoint,,TestPoint:TestPoint_Pad_1.0x1.0mm,,,,~
39,1,U1,LM2733YMFX/NOPB,,fydp:MF05A,C527399,LM2733YMFX/NOPB,"Boost Switching Regulator IC Positive Adjustable 2.7V 1 Output 1A (Switch) SC-74A, SOT-753",https://www.ti.com/general/docs/suppproductinfo.tsp?distId=10&gotoUrl=https%3A%2F%2Fwww.ti.com%2Flit%2Fgpn%2Flm2733
40,1,U2,AZ1117IH-3.3TRG1,,fydp:SOT223_AZ1117I_6P5X3P5_DIO,C108495,AZ1117IH-3.3TRG1,Linear Voltage Regulator IC Positive Fixed 1 Output 1A SOT-223-3,https://www.diodes.com/assets/Datasheets/AZ1117I.pdf
41,1,U3,LM2611BMF/NOPB,,fydp:DBV0005A_L,,LM2611BMF/NOPB,"Cuk Switching Regulator IC Negative Adjustable -1.23V 1 Output 900mA SC-74A, SOT-753",https://www.ti.com/general/docs/suppproductinfo.tsp?distId=10&gotoUrl=https%3A%2F%2Fwww.ti.com%2Flit%2Fgpn%2Flm2611
42,1,U4,"74HC139D,653",,Package_SO:SO-16_3.9x9.9mm_P1.27mm,C5603,"74HC139D,653",Decoder/Demultiplexer 1 x 2:4 16-SO,https://assets.nexperia.com/documents/data-sheet/74HC_HCT139.pdf
43,1,U5,CD74HC154M96,,Package_SO:SOP-24_7.5x15.4mm_P1.27mm,C2832236,CD74HC154M96,Decoder/Demultiplexer 1 x 4:16 24-SOIC,https://www.ti.com/general/docs/suppproductinfo.tsp?distId=10&gotoUrl=https%3A%2F%2Fwww.ti.com%2Flit%2Fgpn%2Fcd74hc154
44,12,"U6, U7, U8, U9, U10, U13, U16, U19, U22, U25, U28, U31",LTC2630ISC6-HZ12#TRMPBF,,Package_TO_SOT_SMD:SOT-363_SC-70-6_Handsoldering,,LTC2630ISC6-HZ12#TRMPBF,12 Bit Digital to Analog Converter 1 SC-70-6,https://www.analog.com/media/en/technical-documentation/data-sheets/2630fg.pdf
45,8,"U11, U14, U17, U20, U23, U26, U29, U32",SN74LVC1G3157DCKR,,Package_TO_SOT_SMD:SOT-363_SC-70-6_Handsoldering,C38663,SN74LVC1G3157DCKR,1 Circuit IC Switch 2:1 15Ohm SC-70-6,https://www.ti.com/general/docs/suppproductinfo.tsp?distId=10&gotoUrl=https%3A%2F%2Fwww.ti.com%2Flit%2Fgpn%2Fsn74lvc1g3157
46,8,"U12, U15, U18, U21, U24, U27, U30, U33",AD633ARZ-R7,,fydp:R_8_ADI,C77810,AD633ARZ-R7,Analog Multiplier 4-Quadrant 8-SOIC,https://www.analog.com/media/en/technical-documentation/data-sheets/AD633.pdf
47,1,U34,LTC2353ILX-16#PBF,,Package_QFP:LQFP-48_7x7mm_P0.5mm,,LTC2353ILX-16#PBF,16 Bit Analog to Digital Converter 2 Input 1 SAR 48-LQFP (7x7),https://www.analog.com/media/en/technical-documentation/data-sheets/235316f.pdf
